chuckinallen,a48502aa-5bfa-46ef-a534-2fa68ef773c4
zeztyzed,6d47626b-8dc6-47d9-88cd-19b82f64dd75
marsboy18,a816e419-8524-46de-8589-06b584bca6a4
usualspace,78557c7f-70b6-4b38-b92f-86339a09cd28
guillermos_,1ca85d27-5d88-411a-a99e-7ac166bb77e5
kittytechie,6788c282-9111-4963-b9a9-491fb5b5ac30
pyxld_kris,3cb018d0-aa67-4171-98c4-46c87157d1bc
seesta,3f31d642-801d-4789-b2b1-c2f27165fe07
king_coding,a66c5976-d9d3-4224-9a5b-705e1b210622
hextanium,6fde1822-efd5-43c0-af07-833e73943f51
sirpineappleiii,4f825657-23f5-4002-bbe6-c78a56a2c7e1
shayeveryday,6a522181-bc5b-43f6-bc55-f1c524a8ab54
